Key,Section,Weight,Area,depth,bflange,tweb,tflange,kdes,bf_2tf,h_tw,Ix,Zx,Sx,rx,Iy,Zy,Sy,ry,JModulus,Cw,Qf,Qw,rts,ho
1,W4X13,13.00,3.83,4.16,4.06,0.28,0.35,0.60,5.88,10.60,11.30,6.28,5.46,1.72,3.86,2.92,1.90,1.00,0.15,14.00,1.24,3.09,1.16,3.82
2,W5X16,16.00,4.71,5.01,5.00,0.24,0.36,0.66,6.94,15.40,21.40,9.63,8.55,2.13,7.51,4.58,3.00,1.26,0.19,40.60,1.99,4.74,1.43,4.65
3,W5X19,19.00,5.56,5.15,5.03,0.27,0.43,0.73,5.85,13.70,26.30,11.60,10.20,2.17,9.13,5.53,3.63,1.28,0.32,50.90,2.42,5.73,1.45,4.72
4,W6X8.5,8.50,2.52,5.83,3.94,0.17,0.20,0.45,10.10,29.10,14.90,5.73,5.10,2.43,1.99,1.56,1.01,0.89,0.03,15.80,1.03,2.78,1.05,5.64
5,W6X9,9.00,2.68,5.90,3.94,0.17,0.22,0.47,9.16,29.20,16.40,6.23,5.56,2.47,2.20,1.72,1.11,0.91,0.04,17.70,1.15,3.04,1.06,5.69
6,W6X12,12.00,3.55,6.03,4.00,0.23,0.28,0.53,7.14,21.60,22.10,8.30,7.31,2.49,2.99,2.32,1.50,0.92,0.09,24.70,1.52,4.08,1.08,5.75
7,W6X16,16.00,4.74,6.28,4.03,0.26,0.41,0.66,4.98,19.10,32.10,11.70,10.20,2.60,4.43,3.39,2.20,0.97,0.22,38.20,2.24,5.77,1.13,5.88
8,W6X15,15.00,4.43,5.99,5.99,0.23,0.26,0.51,11.50,21.60,29.10,10.80,9.72,2.56,9.32,4.75,3.11,1.45,0.10,76.50,2.15,5.32,1.66,5.73
9,W6X20,20.00,5.87,6.20,6.02,0.26,0.37,0.62,8.25,19.10,41.40,15.00,13.40,2.66,13.30,6.72,4.41,1.50,0.24,113.00,3.07,7.38,1.70,5.84
10,W6X25,25.00,7.34,6.38,6.08,0.32,0.46,0.71,6.68,15.50,53.40,18.90,16.70,2.70,17.10,8.56,5.61,1.52,0.46,150.00,3.88,9.39,1.74,5.93
11,W8X10,10.00,2.96,7.89,3.94,0.17,0.21,0.51,9.61,40.50,30.80,8.87,7.81,3.22,2.09,1.66,1.06,0.84,0.04,30.90,1.48,4.29,1.01,7.69
12,W8X13,13.00,3.84,7.99,4.00,0.23,0.26,0.56,7.84,29.90,39.60,11.40,9.91,3.21,2.73,2.15,1.37,0.84,0.09,40.80,1.86,5.55,1.03,7.74
13,W8X15,15.00,4.44,8.11,4.02,0.25,0.32,0.62,6.37,28.10,48.00,13.60,11.80,3.29,3.41,2.67,1.70,0.88,0.14,51.80,2.31,6.64,1.06,7.80
14,W8X18,18.00,5.26,8.14,5.25,0.23,0.33,0.63,7.95,29.90,61.90,17.00,15.20,3.43,7.97,4.66,3.04,1.23,0.17,122.00,3.23,8.37,1.43,7.81
15,W8X21,21.00,6.16,8.28,5.27,0.25,0.40,0.70,6.59,27.50,75.30,20.40,18.20,3.49,9.77,5.69,3.71,1.26,0.28,152.00,3.96,10.10,1.46,7.88
16,W8X24,24.00,7.08,7.93,6.50,0.25,0.40,0.79,8.12,25.90,82.70,23.10,20.90,3.42,18.30,8.57,5.63,1.61,0.35,259.00,4.71,11.30,1.81,7.53
17,W8X28,28.00,8.25,8.06,6.54,0.29,0.47,0.86,7.03,22.30,98.00,27.20,24.30,3.45,21.70,10.10,6.63,1.62,0.54,312.00,5.52,13.40,1.84,7.60
18,W8X31,31.00,9.13,8.00,8.00,0.29,0.44,0.83,9.19,22.30,110.00,30.40,27.50,3.47,37.10,14.10,9.27,2.02,0.54,530.00,6.35,15.00,2.26,7.57
19,W8X35,35.00,10.30,8.12,8.02,0.31,0.50,0.89,8.10,20.50,127.00,34.70,31.20,3.51,42.60,16.10,10.60,2.03,0.77,619.00,7.28,17.10,2.28,7.63
20,W8X40,40.00,11.70,8.25,8.07,0.36,0.56,0.95,7.21,17.60,146.00,39.80,35.50,3.53,49.10,18.50,12.20,2.04,1.12,726.00,8.30,19.70,2.31,7.69
21,W8X48,48.00,14.10,8.50,8.11,0.40,0.69,1.08,5.92,15.90,184.00,49.00,43.20,3.61,60.90,22.90,15.00,2.08,1.96,931.00,10.30,24.20,2.35,7.82
22,W8X58,58.00,17.10,8.75,8.22,0.51,0.81,1.20,5.07,12.40,228.00,59.80,52.00,3.65,75.10,27.90,18.30,2.10,3.33,1180.00,12.40,29.70,2.39,7.94
23,W8X67,67.00,19.70,9.00,8.28,0.57,0.94,1.33,4.43,11.10,272.00,70.10,60.40,3.72,88.60,32.70,21.40,2.12,5.05,1440.00,14.50,34.80,2.43,8.07
24,W10X12,12.00,3.54,9.87,3.96,0.19,0.21,0.51,9.43,46.60,53.80,12.60,10.90,3.90,2.18,1.74,1.10,0.79,0.05,50.90,1.91,6.14,0.98,9.66
25,W10X15,15.00,4.41,9.99,4.00,0.23,0.27,0.57,7.41,38.50,68.90,16.00,13.80,3.95,2.89,2.30,1.45,0.81,0.10,68.30,2.48,7.83,1.01,9.72
26,W10X17,17.00,4.99,10.10,4.01,0.24,0.33,0.63,6.08,36.90,81.90,18.70,16.20,4.05,3.56,2.80,1.78,0.85,0.16,85.10,3.04,9.14,1.04,9.77
27,W10X19,19.00,5.62,10.20,4.02,0.25,0.40,0.70,5.09,35.40,96.30,21.60,18.80,4.14,4.29,3.35,2.14,0.87,0.23,104.00,3.65,10.60,1.06,9.81
28,W10X22,22.00,6.49,10.20,5.75,0.24,0.36,0.66,7.99,36.90,118.00,26.00,23.20,4.27,11.40,6.10,3.97,1.33,0.24,275.00,4.88,12.90,1.55,9.84
29,W10X26,26.00,7.61,10.30,5.77,0.26,0.44,0.74,6.56,34.00,144.00,31.30,27.90,4.35,14.10,7.50,4.89,1.36,0.40,345.00,5.98,15.40,1.58,9.86
30,W10X30,30.00,8.84,10.50,5.81,0.30,0.51,0.81,5.70,29.50,170.00,36.60,32.40,4.38,16.70,8.84,5.75,1.37,0.62,414.00,7.02,18.20,1.60,9.99
31,W10X33,33.00,9.71,9.73,7.96,0.29,0.44,0.94,9.15,27.10,171.00,38.80,35.00,4.19,36.60,14.00,9.20,1.94,0.58,791.00,7.75,18.90,2.20,9.30
32,W10X39,39.00,11.50,9.92,7.99,0.32,0.53,1.03,7.53,25.00,209.00,46.80,42.10,4.27,45.00,17.20,11.30,1.98,0.98,992.00,9.55,23.00,2.24,9.39
33,W10X45,45.00,13.30,10.10,8.02,0.35,0.62,1.12,6.47,22.50,248.00,54.90,49.10,4.32,53.40,20.30,13.30,2.01,1.51,1200.00,11.30,27.00,2.27,9.48
34,W10X49,49.00,14.40,10.00,10.00,0.34,0.56,1.06,8.93,23.10,272.00,60.40,54.60,4.35,93.40,28.30,18.70,2.54,1.39,2070.00,12.80,29.80,2.84,9.44
35,W10X54,54.00,15.80,10.10,10.00,0.37,0.62,1.12,8.15,21.20,303.00,66.60,60.00,4.37,103.00,31.30,20.60,2.56,1.82,2320.00,14.00,32.80,2.85,9.49
36,W10X60,60.00,17.70,10.20,10.10,0.42,0.68,1.18,7.41,18.70,341.00,74.60,66.70,4.39,116.00,35.00,23.00,2.57,2.48,2640.00,15.70,36.80,2.88,9.52
37,W10X68,68.00,19.90,10.40,10.10,0.47,0.77,1.27,6.58,16.70,394.00,85.30,75.70,4.44,134.00,40.10,26.40,2.59,3.56,3100.00,17.90,42.10,2.92,9.63
38,W10X77,77.00,22.70,10.60,10.20,0.53,0.87,1.37,5.86,14.80,455.00,97.60,85.90,4.49,154.00,45.90,30.10,2.60,5.11,3630.00,20.50,48.40,2.95,9.73
39,W10X88,88.00,26.00,10.80,10.30,0.61,0.99,1.49,5.18,13.00,534.00,113.00,98.50,4.54,179.00,53.10,34.80,2.63,7.53,4330.00,23.50,55.90,2.99,9.81
40,W10X100,100.00,29.30,11.10,10.30,0.68,1.12,1.62,4.62,11.60,623.00,130.00,112.00,4.60,207.00,61.00,40.00,2.65,10.90,5150.00,26.90,64.20,3.04,10.00
41,W10X112,112.00,32.90,11.40,10.40,0.76,1.25,1.75,4.17,10.40,716.00,147.00,126.00,4.66,236.00,69.20,45.30,2.68,15.10,6020.00,30.60,73.50,3.08,10.20
42,W12X14,14.00,4.16,11.90,3.97,0.20,0.23,0.53,8.82,54.30,88.60,17.40,14.90,4.62,2.36,1.90,1.19,0.75,0.07,80.40,2.48,8.49,0.96,11.70
43,W12X16,16.00,4.71,12.00,3.99,0.22,0.27,0.57,7.53,49.40,103.00,20.10,17.10,4.67,2.82,2.26,1.41,0.77,0.10,96.90,2.93,9.82,0.98,11.70
44,W12X19,19.00,5.57,12.20,4.01,0.24,0.35,0.65,5.72,46.20,130.00,24.70,21.30,4.82,3.76,2.98,1.88,0.82,0.18,131.00,3.91,12.20,1.02,11.90
45,W12X22,22.00,6.48,12.30,4.03,0.26,0.43,0.73,4.74,41.80,156.00,29.30,25.40,4.91,4.66,3.66,2.31,0.85,0.29,164.00,4.76,14.40,1.04,11.90
46,W12X26,26.00,7.65,12.20,6.49,0.23,0.38,0.68,8.54,47.20,204.00,37.20,33.40,5.17,17.30,8.17,5.34,1.51,0.30,607.00,7.03,18.30,1.75,11.80
47,W12X30,30.00,8.79,12.30,6.52,0.26,0.44,0.74,7.41,41.80,238.00,43.10,38.60,5.21,20.30,9.56,6.24,1.52,0.46,720.00,8.17,21.30,1.77,11.90
48,W12X35,35.00,10.30,12.50,6.56,0.30,0.52,0.82,6.31,36.20,285.00,51.20,45.60,5.25,24.50,11.50,7.47,1.54,0.74,879.00,9.75,25.40,1.79,12.00
49,W12X40,40.00,11.70,11.90,8.01,0.30,0.52,1.02,7.77,33.60,307.00,57.00,51.50,5.13,44.10,16.80,11.00,1.94,0.91,1440.00,11.30,27.80,2.21,11.40
50,W12X45,45.00,13.10,12.10,8.05,0.34,0.58,1.08,7.00,29.60,348.00,64.20,57.70,5.15,50.00,19.00,12.40,1.95,1.26,1650.00,12.80,31.70,2.23,11.50
51,W12X50,50.00,14.60,12.20,8.08,0.37,0.64,1.14,6.31,26.80,391.00,71.90,64.20,5.18,56.30,21.30,13.90,1.96,1.71,1880.00,14.30,35.40,2.25,11.60
52,W12X53,53.00,15.60,12.10,10.00,0.35,0.58,1.18,8.69,28.10,425.00,77.90,70.60,5.23,95.80,29.10,19.20,2.48,1.58,3160.00,16.00,38.30,2.79,11.50
53,W12X58,58.00,17.00,12.20,10.00,0.36,0.64,1.24,7.82,27.00,475.00,86.40,78.00,5.28,107.00,32.50,21.40,2.51,2.10,3570.00,17.80,42.40,2.81,11.60
54,W12X65,65.00,19.10,12.10,12.00,0.39,0.61,1.20,9.92,24.90,533.00,96.80,87.90,5.28,174.00,44.10,29.10,3.02,2.18,5780.00,20.20,47.50,3.38,11.50
55,W12X72,72.00,21.10,12.30,12.00,0.43,0.67,1.27,8.99,22.60,597.00,108.00,97.40,5.31,195.00,49.20,32.40,3.04,2.93,6540.00,22.50,53.20,3.41,11.60
56,W12X79,79.00,23.20,12.40,12.10,0.47,0.74,1.33,8.22,20.70,662.00,119.00,107.00,5.34,216.00,54.30,35.80,3.05,3.84,7330.00,24.90,58.90,3.43,11.70
57,W12X87,87.00,25.60,12.50,12.10,0.52,0.81,1.41,7.48,18.90,740.00,132.00,118.00,5.38,241.00,60.40,39.70,3.07,5.10,8270.00,27.40,64.90,3.46,11.70
58,W12X96,96.00,28.20,12.70,12.20,0.55,0.90,1.50,6.76,17.70,833.00,147.00,131.00,5.44,270.00,67.50,44.40,3.09,6.85,9410.00,30.90,73.00,3.49,11.80
59,W12X106,106.00,31.20,12.90,12.20,0.61,0.99,1.59,6.17,15.90,933.00,164.00,145.00,5.47,301.00,75.10,49.30,3.11,9.13,10700.00,34.20,81.00,3.52,11.90
60,W12X120,120.00,35.20,13.10,12.30,0.71,1.11,1.70,5.57,13.70,1070.00,186.00,163.00,5.51,345.00,85.40,56.00,3.13,12.90,12400.00,38.60,92.40,3.56,12.00
61,W12X136,136.00,39.90,13.40,12.40,0.79,1.25,1.85,4.96,12.30,1240.00,214.00,186.00,5.58,398.00,98.00,64.20,3.16,18.50,14700.00,44.10,106.00,3.61,12.20
62,W12X152,152.00,44.70,13.70,12.50,0.87,1.40,2.00,4.46,11.20,1430.00,243.00,209.00,5.66,454.00,111.00,72.80,3.19,25.80,17200.00,50.10,121.00,3.66,12.30
63,W12X170,170.00,50.00,14.00,12.60,0.96,1.56,2.16,4.03,10.10,1650.00,275.00,235.00,5.74,517.00,126.00,82.30,3.22,35.60,20100.00,56.50,136.00,3.70,12.40
64,W12X190,190.00,56.00,14.40,12.70,1.06,1.74,2.33,3.65,9.16,1890.00,311.00,263.00,5.82,589.00,143.00,93.00,3.25,48.80,23600.00,64.10,156.00,3.77,12.70
65,W12X210,210.00,61.80,14.70,12.80,1.18,1.90,2.50,3.37,8.23,2140.00,348.00,292.00,5.89,664.00,159.00,104.00,3.28,64.70,27200.00,70.60,173.00,3.81,12.80
66,W12X230,230.00,67.70,15.10,12.90,1.29,2.07,2.67,3.11,7.56,2420.00,386.00,321.00,5.97,742.00,177.00,115.00,3.31,83.80,31200.00,78.30,193.00,3.87,13.00
67,W12X252,252.00,74.10,15.40,13.00,1.40,2.25,2.85,2.89,6.96,2720.00,428.00,353.00,6.06,828.00,196.00,127.00,3.34,108.00,35800.00,85.80,213.00,3.93,13.20
68,W12X279,279.00,81.90,15.90,13.10,1.53,2.47,3.07,2.66,6.35,3110.00,481.00,393.00,6.16,937.00,220.00,143.00,3.38,143.00,42000.00,96.00,240.00,4.00,13.40
69,W12X305,305.00,89.50,16.30,13.20,1.63,2.71,3.30,2.45,5.98,3550.00,537.00,435.00,6.29,1050.00,244.00,159.00,3.42,185.00,48600.00,107.00,267.00,4.05,13.60
70,W12X336,336.00,98.90,16.80,13.40,1.78,2.96,3.55,2.26,5.47,4060.00,603.00,483.00,6.41,1190.00,274.00,177.00,3.47,243.00,57000.00,119.00,301.00,4.13,13.80
71,W14X22,22.00,6.49,13.70,5.00,0.23,0.34,0.74,7.46,53.30,199.00,33.20,29.00,5.54,7.00,4.39,2.80,1.04,0.21,314.00,5.34,16.10,1.27,13.40
72,W14X26,26.00,7.69,13.90,5.03,0.26,0.42,0.82,5.98,48.10,245.00,40.20,35.30,5.65,8.91,5.54,3.55,1.08,0.36,405.00,6.76,19.70,1.30,13.50
73,W14X30,30.00,8.85,13.80,6.73,0.27,0.39,0.79,8.74,45.40,291.00,47.30,42.00,5.73,19.60,8.99,5.82,1.49,0.38,887.00,8.34,23.10,1.77,13.40
74,W14X34,34.00,10.00,14.00,6.75,0.29,0.46,0.86,7.41,43.10,340.00,54.60,48.60,5.83,23.30,10.60,6.91,1.53,0.57,1070.00,10.00,26.90,1.80,13.50
75,W14X38,38.00,11.20,14.10,6.77,0.31,0.52,0.92,6.57,39.60,385.00,61.50,54.60,5.87,26.70,12.10,7.88,1.55,0.80,1230.00,11.30,30.30,1.82,13.60
76,W14X43,43.00,12.60,13.70,8.00,0.31,0.53,1.12,7.54,37.40,428.00,69.60,62.60,5.82,45.20,17.30,11.30,1.89,1.05,1950.00,13.40,34.00,2.18,13.20
77,W14X48,48.00,14.10,13.80,8.03,0.34,0.60,1.19,6.75,33.60,484.00,78.40,70.20,5.85,51.40,19.60,12.80,1.91,1.45,2240.00,15.10,38.30,2.20,13.20
78,W14X53,53.00,15.60,13.90,8.06,0.37,0.66,1.25,6.11,30.90,541.00,87.10,77.80,5.89,57.70,22.00,14.30,1.92,1.94,2540.00,16.80,42.50,2.22,13.20
79,W14X61,61.00,17.90,13.90,10.00,0.38,0.65,1.24,7.75,30.40,640.00,102.00,92.10,5.98,107.00,32.80,21.50,2.45,2.19,4710.00,20.60,50.20,2.78,13.30
80,W14X68,68.00,20.00,14.00,10.00,0.42,0.72,1.31,6.97,27.50,722.00,115.00,103.00,6.01,121.00,36.90,24.20,2.46,3.01,5380.00,22.90,56.00,2.80,13.30
81,W14X74,74.00,21.80,14.20,10.10,0.45,0.79,1.38,6.41,25.40,795.00,126.00,112.00,6.04,134.00,40.50,26.60,2.48,3.87,5990.00,25.40,62.20,2.83,13.40
82,W14X82,82.00,24.00,14.30,10.10,0.51,0.86,1.45,5.92,22.40,881.00,139.00,123.00,6.05,148.00,44.80,29.30,2.48,5.07,6710.00,27.60,68.20,2.85,13.40
83,W14X90,90.00,26.50,14.00,14.50,0.44,0.71,1.31,10.20,25.90,999.00,157.00,143.00,6.14,362.00,75.60,49.90,3.70,4.06,16000.00,33.20,77.10,4.10,13.30
84,W14X99,99.00,29.10,14.20,14.60,0.49,0.78,1.38,9.34,23.50,1110.00,173.00,157.00,6.17,402.00,83.60,55.20,3.71,5.37,18000.00,36.90,86.10,4.14,13.40
85,W14X109,109.00,32.00,14.30,14.60,0.53,0.86,1.46,8.49,21.70,1240.00,192.00,173.00,6.22,447.00,92.70,61.20,3.73,7.12,20200.00,40.70,94.80,4.17,13.40
86,W14X120,120.00,35.30,14.50,14.70,0.59,0.94,1.54,7.80,19.30,1380.00,212.00,190.00,6.24,495.00,102.00,67.50,3.74,9.37,22700.00,45.00,105.00,4.20,13.60
87,W14X132,132.00,38.80,14.70,14.70,0.65,1.03,1.63,7.15,17.70,1530.00,234.00,209.00,6.28,548.00,113.00,74.50,3.76,12.30,25500.00,49.50,116.00,4.23,13.70
88,W14X145,145.00,42.70,14.80,15.50,0.68,1.09,1.69,7.11,16.80,1710.00,260.00,232.00,6.33,677.00,133.00,87.30,3.98,15.20,31700.00,55.40,129.00,4.47,13.70
89,W14X159,159.00,46.70,15.00,15.60,0.75,1.19,1.79,6.54,15.30,1900.00,287.00,254.00,6.38,748.00,146.00,96.20,4.00,19.70,35600.00,61.00,143.00,4.51,13.80
90,W14X176,176.00,51.80,15.20,15.70,0.83,1.31,1.91,5.97,13.70,2140.00,320.00,281.00,6.43,838.00,163.00,107.00,4.02,26.50,40500.00,67.60,159.00,4.55,13.90
91,W14X193,193.00,56.80,15.50,15.70,0.89,1.44,2.04,5.45,12.80,2400.00,355.00,310.00,6.50,931.00,180.00,119.00,4.05,34.80,45900.00,75.00,177.00,4.59,14.10
92,W14X211,211.00,62.00,15.70,15.80,0.98,1.56,2.16,5.06,11.60,2660.00,390.00,338.00,6.55,1030.00,198.00,130.00,4.07,44.60,51500.00,81.70,194.00,4.64,14.10
93,W14X233,233.00,68.50,16.00,15.90,1.07,1.72,2.32,4.62,10.70,3010.00,436.00,375.00,6.63,1150.00,221.00,145.00,4.10,59.50,59000.00,91.10,216.00,4.69,14.30
94,W14X257,257.00,75.60,16.40,16.00,1.18,1.89,2.49,4.23,9.71,3400.00,487.00,415.00,6.71,1290.00,246.00,161.00,4.13,79.10,67800.00,102.00,243.00,4.75,14.50
95,W14X283,283.00,83.30,16.70,16.10,1.29,2.07,2.67,3.89,8.84,3840.00,542.00,459.00,6.79,1440.00,274.00,179.00,4.17,104.00,77700.00,112.00,269.00,4.80,14.60
96,W14X311,311.00,91.40,17.10,16.20,1.41,2.26,2.86,3.59,8.09,4330.00,603.00,506.00,6.88,1610.00,304.00,199.00,4.20,136.00,89100.00,124.00,300.00,4.87,14.80
97,W14X342,342.00,101.00,17.50,16.40,1.54,2.47,3.07,3.31,7.41,4900.00,672.00,558.00,6.98,1810.00,338.00,221.00,4.24,178.00,103000.00,138.00,335.00,4.95,15.00
98,W14X370,370.00,109.00,17.90,16.50,1.66,2.66,3.26,3.10,6.89,5440.00,736.00,607.00,7.07,1990.00,370.00,241.00,4.27,222.00,116000.00,150.00,367.00,5.00,15.20
99,W14X398,398.00,117.00,18.30,16.60,1.77,2.85,3.44,2.92,6.44,6000.00,801.00,656.00,7.16,2170.00,402.00,262.00,4.31,273.00,129000.00,163.00,401.00,5.05,15.50
100,W14X426,426.00,125.00,18.70,16.70,1.88,3.04,3.63,2.75,6.08,6600.00,869.00,706.00,7.26,2360.00,434.00,283.00,4.34,331.00,144000.00,176.00,435.00,5.11,15.70
101,W14X455,455.00,134.00,19.00,16.80,2.02,3.21,3.81,2.62,5.66,7190.00,936.00,756.00,7.33,2560.00,468.00,304.00,4.38,395.00,160000.00,187.00,466.00,5.17,15.80
102,W14X500,500.00,147.00,19.60,17.00,2.19,3.50,4.10,2.43,5.21,8210.00,1050.00,838.00,7.48,2880.00,522.00,339.00,4.43,514.00,187000.00,209.00,522.00,5.26,16.10
103,W14X550,550.00,162.00,20.20,17.20,2.38,3.82,4.42,2.25,4.79,9430.00,1180.00,931.00,7.63,3250.00,583.00,378.00,4.49,669.00,219000.00,232.00,585.00,5.35,16.40
104,W14X605,605.00,178.00,20.90,17.40,2.60,4.16,4.76,2.09,4.39,10800.00,1320.00,1040.00,7.80,3680.00,652.00,423.00,4.55,869.00,258000.00,258.00,657.00,5.44,16.70
105,W14X665,665.00,196.00,21.60,17.70,2.83,4.52,5.12,1.95,4.03,12400.00,1480.00,1150.00,7.98,4170.00,730.00,472.00,4.62,1120.00,305000.00,287.00,739.00,5.57,17.10
106,W14X730,730.00,215.00,22.40,17.90,3.07,4.91,5.51,1.82,3.71,14300.00,1660.00,1280.00,8.17,4720.00,816.00,527.00,4.69,1450.00,362000.00,318.00,829.00,5.68,17.50
107,W16X26,26.00,7.68,15.70,5.50,0.25,0.35,0.75,7.97,56.80,301.00,44.20,38.40,6.26,9.59,5.48,3.49,1.12,0.26,565.00,6.95,21.60,1.38,15.40
108,W16X31,31.00,9.13,15.90,5.53,0.28,0.44,0.84,6.28,51.60,375.00,54.00,47.20,6.41,12.40,7.03,4.49,1.17,0.46,739.00,8.94,26.60,1.42,15.50
109,W16X36,36.00,10.60,15.90,6.99,0.30,0.43,0.83,8.12,48.10,448.00,64.00,56.50,6.51,24.50,10.80,7.00,1.52,0.55,1460.00,11.10,31.60,1.83,15.50
110,W16X40,40.00,11.80,16.00,7.00,0.31,0.51,0.91,6.93,46.50,518.00,73.00,64.70,6.63,28.90,12.70,8.25,1.57,0.79,1730.00,13.10,36.00,1.86,15.50
111,W16X45,45.00,13.30,16.10,7.04,0.35,0.57,0.97,6.23,41.10,586.00,82.30,72.70,6.65,32.80,14.50,9.34,1.57,1.11,1990.00,14.70,40.60,1.87,15.50
112,W16X50,50.00,14.70,16.30,7.07,0.38,0.63,1.03,5.61,37.40,659.00,92.00,81.00,6.68,37.20,16.30,10.50,1.59,1.52,2270.00,16.50,45.60,1.89,15.70
113,W16X57,57.00,16.80,16.40,7.12,0.43,0.72,1.12,4.98,33.00,758.00,105.00,92.20,6.72,43.10,18.90,12.10,1.60,2.22,2660.00,18.80,52.00,1.92,15.70
114,W16X67,67.00,19.60,16.30,10.20,0.40,0.67,1.07,7.70,35.90,954.00,130.00,117.00,6.96,119.00,35.50,23.20,2.46,2.39,7300.00,25.50,64.10,2.82,15.60
115,W16X77,77.00,22.60,16.50,10.30,0.46,0.76,1.16,6.77,31.20,1110.00,150.00,134.00,7.00,138.00,41.10,26.90,2.47,3.57,8590.00,29.40,74.40,2.85,15.70
116,W16X89,89.00,26.20,16.80,10.40,0.53,0.88,1.28,5.92,27.00,1300.00,175.00,155.00,7.05,163.00,48.10,31.40,2.49,5.45,10200.00,34.40,87.30,2.88,15.90
117,W16X100,100.00,29.40,17.00,10.40,0.59,0.99,1.39,5.29,24.30,1490.00,198.00,175.00,7.10,186.00,54.90,35.70,2.51,7.73,11900.00,38.70,98.50,2.92,16.00
118,W18X35,35.00,10.30,17.70,6.00,0.30,0.43,0.83,7.06,53.50,510.00,66.50,57.60,7.04,15.30,8.06,5.12,1.22,0.51,1140.00,10.50,32.70,1.51,17.30
119,W18X40,40.00,11.80,17.90,6.02,0.32,0.53,0.93,5.73,50.90,612.00,78.40,68.40,7.21,19.10,10.00,6.35,1.27,0.81,1440.00,13.00,38.60,1.56,17.40
120,W18X46,46.00,13.50,18.10,6.06,0.36,0.61,1.01,5.01,44.60,712.00,90.70,78.80,7.25,22.50,11.70,7.43,1.29,1.22,1720.00,15.10,44.90,1.58,17.50
121,W18X50,50.00,14.70,18.00,7.50,0.36,0.57,0.97,6.57,45.20,800.00,101.00,88.90,7.38,40.10,16.60,10.70,1.65,1.24,3040.00,17.70,49.90,1.98,17.40
122,W18X55,55.00,16.20,18.10,7.53,0.39,0.63,1.03,5.98,41.10,890.00,112.00,98.30,7.41,44.90,18.50,11.90,1.67,1.66,3430.00,19.60,55.30,2.00,17.50
123,W18X60,60.00,17.60,18.20,7.56,0.42,0.70,1.10,5.44,38.70,984.00,123.00,108.00,7.47,50.10,20.60,13.30,1.68,2.17,3850.00,21.70,60.60,2.02,17.50
124,W18X65,65.00,19.10,18.40,7.59,0.45,0.75,1.15,5.06,35.70,1070.00,133.00,117.00,7.49,54.80,22.50,14.40,1.69,2.73,4240.00,23.60,66.30,2.03,17.70
125,W18X71,71.00,20.90,18.50,7.64,0.50,0.81,1.21,4.71,32.40,1170.00,146.00,127.00,7.50,60.30,24.70,15.80,1.70,3.49,4700.00,25.60,72.40,2.05,17.70
126,W18X76,76.00,22.30,18.20,11.00,0.43,0.68,1.08,8.11,37.80,1330.00,163.00,146.00,7.73,152.00,42.20,27.60,2.61,2.83,11700.00,31.50,80.60,3.02,17.50
127,W18X86,86.00,25.30,18.40,11.10,0.48,0.77,1.17,7.20,33.40,1530.00,186.00,166.00,7.77,175.00,48.40,31.60,2.63,4.10,13600.00,36.00,92.40,3.05,17.60
128,W18X97,97.00,28.50,18.60,11.10,0.54,0.87,1.27,6.41,30.00,1750.00,211.00,188.00,7.82,201.00,55.30,36.10,2.65,5.86,15800.00,40.70,105.00,3.08,17.70
129,W18X106,106.00,31.10,18.70,11.20,0.59,0.94,1.34,5.96,27.20,1910.00,230.00,204.00,7.84,220.00,60.50,39.40,2.66,7.48,17400.00,44.30,114.00,3.10,17.80
130,W18X119,119.00,35.10,19.00,11.30,0.66,1.06,1.46,5.31,24.50,2190.00,262.00,231.00,7.90,253.00,69.10,44.90,2.69,10.60,20300.00,50.60,131.00,3.13,17.90
131,W18X130,130.00,38.30,19.30,11.20,0.67,1.20,1.60,4.65,23.90,2460.00,290.00,256.00,8.03,278.00,76.70,49.90,2.70,14.50,22700.00,57.20,146.00,3.13,18.10
132,W18X143,143.00,42.00,19.50,11.20,0.73,1.32,1.72,4.25,22.00,2750.00,322.00,282.00,8.09,311.00,85.40,55.50,2.72,19.20,25700.00,62.80,160.00,3.17,18.20
133,W18X158,158.00,46.30,19.70,11.30,0.81,1.44,1.84,3.92,19.80,3060.00,356.00,310.00,8.12,347.00,94.80,61.40,2.74,25.20,29000.00,69.00,177.00,3.20,18.30
134,W18X175,175.00,51.40,20.00,11.40,0.89,1.59,1.99,3.58,18.00,3450.00,398.00,344.00,8.20,391.00,106.00,68.80,2.76,33.80,33300.00,76.90,198.00,3.24,18.40
135,W18X192,192.00,56.20,20.40,11.50,0.96,1.75,2.15,3.27,16.70,3870.00,442.00,380.00,8.28,440.00,119.00,76.80,2.79,44.70,38000.00,86.00,222.00,3.28,18.70
136,W18X211,211.00,62.30,20.70,11.60,1.06,1.91,2.31,3.02,15.10,4330.00,490.00,419.00,8.35,493.00,132.00,85.30,2.82,58.60,43400.00,94.60,246.00,3.32,18.80
137,W18X234,234.00,68.60,21.10,11.70,1.16,2.11,2.51,2.76,13.80,4900.00,549.00,466.00,8.44,558.00,149.00,95.80,2.85,78.70,50100.00,106.00,276.00,3.37,19.00
138,W18X258,258.00,76.00,21.50,11.80,1.28,2.30,2.70,2.56,12.50,5510.00,611.00,514.00,8.53,628.00,166.00,107.00,2.88,103.00,57600.00,116.00,306.00,3.42,19.20
139,W18X283,283.00,83.30,21.90,11.90,1.40,2.50,3.00,2.38,11.30,6170.00,676.00,565.00,8.61,704.00,185.00,118.00,2.91,134.00,65900.00,127.00,339.00,3.47,19.40
140,W18X311,311.00,91.60,22.30,12.00,1.52,2.74,3.24,2.19,10.40,6970.00,754.00,624.00,8.72,795.00,207.00,132.00,2.95,176.00,76200.00,140.00,375.00,3.53,19.60
141,W21X44,44.00,13.00,20.70,6.50,0.35,0.45,0.95,7.22,53.60,843.00,95.40,81.60,8.06,20.70,10.20,6.37,1.26,0.77,2110.00,14.00,46.80,1.60,20.30
142,W21X50,50.00,14.70,20.80,6.53,0.38,0.54,1.04,6.10,49.40,984.00,110.00,94.50,8.18,24.90,12.20,7.64,1.30,1.14,2570.00,16.70,53.90,1.64,20.30
143,W21X57,57.00,16.70,21.10,6.56,0.41,0.65,1.15,5.04,46.30,1170.00,129.00,111.00,8.36,30.60,14.80,9.35,1.35,1.77,3190.00,20.50,63.40,1.68,20.50
144,W21X48,48.00,14.10,20.60,8.14,0.35,0.43,0.93,9.47,53.60,959.00,107.00,93.00,8.24,38.70,14.90,9.52,1.66,0.80,3950.00,16.90,52.30,2.05,20.20
145,W21X55,55.00,16.20,20.80,8.22,0.38,0.52,1.02,7.87,50.00,1140.00,126.00,110.00,8.40,48.40,18.40,11.80,1.73,1.24,4980.00,20.80,61.80,2.11,20.28
146,W21X62,62.00,18.30,21.00,8.24,0.40,0.62,1.12,6.70,46.90,1330.00,144.00,127.00,8.54,57.50,21.70,14.00,1.77,1.83,5960.00,24.60,71.20,2.15,20.40
147,W21X68,68.00,20.00,21.10,8.27,0.43,0.69,1.19,6.04,43.60,1480.00,160.00,140.00,8.60,64.70,24.40,15.70,1.80,2.45,6760.00,27.40,78.70,2.17,20.40
148,W21X73,73.00,21.50,21.20,8.30,0.46,0.74,1.24,5.60,41.20,1600.00,172.00,151.00,8.64,70.60,26.60,17.00,1.81,3.02,7410.00,29.70,85.00,2.19,20.50
149,W21X83,83.00,24.40,21.40,8.36,0.52,0.84,1.34,5.00,36.40,1830.00,196.00,171.00,8.67,81.40,30.50,19.50,1.83,4.34,8630.00,33.70,96.80,2.21,20.60
150,W21X93,93.00,27.30,21.60,8.42,0.58,0.93,1.43,4.53,32.30,2070.00,221.00,192.00,8.70,92.90,34.70,22.10,1.84,6.03,9940.00,37.70,109.00,2.24,20.70
151,W21X101,101.00,29.80,21.40,12.30,0.50,0.80,1.30,7.68,37.50,2420.00,253.00,227.00,9.02,248.00,61.70,40.30,2.89,5.21,26200.00,48.60,126.00,3.35,20.60
152,W21X111,111.00,32.60,21.50,12.30,0.55,0.88,1.38,7.05,34.10,2670.00,279.00,249.00,9.05,274.00,68.20,44.50,2.90,6.83,29200.00,53.00,138.00,3.37,20.60
153,W21X122,122.00,35.90,21.70,12.40,0.60,0.96,1.46,6.45,31.30,2960.00,307.00,273.00,9.09,305.00,75.60,49.20,2.92,8.98,32700.00,58.70,153.00,3.40,20.70
154,W21X132,132.00,38.80,21.80,12.40,0.65,1.04,1.54,6.01,28.90,3220.00,333.00,295.00,9.12,333.00,82.30,53.50,2.93,11.30,36000.00,62.80,164.00,3.43,20.80
155,W21X147,147.00,43.20,22.10,12.50,0.72,1.15,1.65,5.44,26.10,3630.00,373.00,329.00,9.17,376.00,92.60,60.10,2.95,15.40,41100.00,71.00,186.00,3.46,21.00
156,W21X166,166.00,48.80,22.50,12.40,0.75,1.36,1.86,4.57,25.00,4280.00,432.00,380.00,9.36,435.00,108.00,70.00,2.99,23.60,48500.00,83.70,215.00,3.48,21.10
157,W21X182,182.00,53.60,22.70,12.50,0.83,1.48,1.98,4.22,22.60,4730.00,476.00,417.00,9.40,483.00,119.00,77.20,3.00,30.70,54400.00,91.60,237.00,3.51,21.20
158,W21X201,201.00,59.30,23.00,12.60,0.91,1.63,2.13,3.86,20.60,5310.00,530.00,461.00,9.47,542.00,133.00,86.10,3.02,40.90,62000.00,102.00,264.00,3.55,21.40
159,W24X55,55.00,16.20,23.60,7.01,0.40,0.51,1.01,6.94,54.60,1350.00,134.00,114.00,9.11,29.10,13.30,8.30,1.34,1.18,3870.00,19.30,66.10,1.72,23.10
160,W24X62,62.00,18.20,23.70,7.04,0.43,0.59,1.09,5.97,50.10,1550.00,153.00,131.00,9.23,34.50,15.70,9.80,1.38,1.71,4620.00,22.50,75.30,1.75,23.10
161,W24X68,68.00,20.10,23.70,8.97,0.42,0.59,1.09,7.66,52.00,1830.00,177.00,154.00,9.55,70.40,24.50,15.70,1.87,1.87,9430.00,28.90,87.00,2.30,23.10
162,W24X76,76.00,22.40,23.90,8.99,0.44,0.68,1.18,6.61,49.00,2100.00,200.00,176.00,9.69,82.50,28.60,18.40,1.92,2.68,11100.00,33.80,98.90,2.33,23.20
163,W24X84,84.00,24.70,24.10,9.02,0.47,0.77,1.27,5.86,45.90,2370.00,224.00,196.00,9.79,94.40,32.60,20.90,1.95,3.70,12800.00,38.40,111.00,2.37,23.30
164,W24X94,94.00,27.70,24.30,9.07,0.52,0.88,1.38,5.18,41.90,2700.00,254.00,222.00,9.87,109.00,37.50,24.00,1.98,5.26,15000.00,43.80,126.00,2.40,23.40
165,W24X103,103.00,30.30,24.50,9.00,0.55,0.98,1.48,4.59,39.20,3000.00,280.00,245.00,10.00,119.00,41.50,26.50,1.99,7.07,16600.00,48.70,139.00,2.40,23.50
166,W24X104,104.00,30.70,24.10,12.80,0.50,0.75,1.25,8.50,43.10,3100.00,289.00,258.00,10.10,259.00,62.40,40.70,2.91,4.72,35200.00,53.90,144.00,3.42,23.40
167,W24X117,117.00,34.40,24.30,12.80,0.55,0.85,1.35,7.53,39.20,3540.00,327.00,291.00,10.10,297.00,71.40,46.50,2.94,6.72,40800.00,61.00,163.00,3.46,23.50
168,W24X131,131.00,38.60,24.50,12.90,0.61,0.96,1.46,6.70,35.60,4020.00,370.00,329.00,10.20,340.00,81.50,53.00,2.97,9.50,47100.00,69.50,184.00,3.49,23.50
169,W24X146,146.00,43.00,24.70,12.90,0.65,1.09,1.59,5.92,33.20,4580.00,418.00,371.00,10.30,391.00,93.20,60.50,3.01,13.40,54600.00,78.80,207.00,3.53,23.60
170,W24X162,162.00,47.80,25.00,13.00,0.71,1.22,1.72,5.31,30.60,5170.00,468.00,414.00,10.40,443.00,105.00,68.40,3.05,18.50,62600.00,89.20,233.00,3.57,23.80
171,W24X176,176.00,51.70,25.20,12.90,0.75,1.34,1.84,4.81,28.70,5680.00,511.00,450.00,10.50,479.00,115.00,74.30,3.04,23.90,68400.00,97.10,254.00,3.57,23.90
172,W24X192,192.00,56.50,25.50,13.00,0.81,1.46,1.96,4.43,26.60,6260.00,559.00,491.00,10.50,530.00,126.00,81.80,3.07,30.80,76300.00,107.00,280.00,3.60,24.00
173,W24X207,207.00,60.70,25.70,13.00,0.87,1.57,2.07,4.14,24.80,6820.00,606.00,531.00,10.60,578.00,137.00,88.80,3.08,38.30,84100.00,115.00,302.00,3.62,24.10
174,W24X229,229.00,67.20,26.00,13.10,0.96,1.73,2.23,3.79,22.50,7650.00,675.00,588.00,10.70,651.00,154.00,99.40,3.11,51.30,96100.00,127.00,336.00,3.67,24.30
175,W24X250,250.00,73.50,26.30,13.20,1.04,1.89,2.39,3.49,20.70,8490.00,744.00,644.00,10.70,724.00,171.00,110.00,3.14,66.60,108000.00,140.00,370.00,3.71,24.40
176,W24X279,279.00,81.90,26.70,13.30,1.16,2.09,2.59,3.18,18.60,9600.00,835.00,718.00,10.80,823.00,193.00,124.00,3.17,90.50,125000.00,156.00,416.00,3.76,24.60
177,W24X306,306.00,89.70,27.10,13.40,1.26,2.28,2.78,2.94,17.10,10700.00,922.00,789.00,10.90,919.00,214.00,137.00,3.20,117.00,142000.00,172.00,459.00,3.81,24.80
178,W24X335,335.00,98.30,27.50,13.50,1.38,2.48,2.98,2.73,15.60,11900.00,1020.00,864.00,11.00,1030.00,238.00,152.00,3.23,152.00,161000.00,188.00,506.00,3.86,25.00
179,W24X370,370.00,109.00,28.00,13.70,1.52,2.72,3.22,2.51,14.20,13400.00,1130.00,957.00,11.10,1160.00,267.00,170.00,3.27,201.00,186000.00,209.00,568.00,3.92,25.30
180,W27X84,84.00,24.70,26.70,10.00,0.46,0.64,1.24,7.78,52.70,2850.00,244.00,213.00,10.70,106.00,33.20,21.20,2.07,2.81,17900.00,39.80,121.00,2.54,26.10
181,W27X94,94.00,27.60,26.90,10.00,0.49,0.75,1.34,6.70,49.50,3270.00,278.00,243.00,10.90,124.00,38.80,24.80,2.12,4.03,21300.00,46.30,137.00,2.59,26.20
182,W27X102,102.00,30.00,27.10,10.00,0.52,0.83,1.43,6.03,47.10,3620.00,305.00,267.00,11.00,139.00,43.40,27.80,2.15,5.28,24000.00,51.70,151.00,2.62,26.30
183,W27X114,114.00,33.60,27.30,10.10,0.57,0.93,1.53,5.41,42.50,4080.00,343.00,299.00,11.00,159.00,49.30,31.50,2.18,7.33,27600.00,58.40,170.00,2.65,26.40
184,W27X129,129.00,37.80,27.60,10.00,0.61,1.10,1.70,4.55,39.70,4760.00,395.00,345.00,11.20,184.00,57.60,36.80,2.21,11.10,32500.00,68.40,195.00,2.66,26.50
185,W27X146,146.00,43.20,27.40,14.00,0.61,0.98,1.76,7.16,39.40,5660.00,464.00,414.00,11.50,443.00,97.70,63.50,3.20,11.30,77200.00,86.30,229.00,3.76,26.40
186,W27X161,161.00,47.60,27.60,14.00,0.66,1.08,1.87,6.49,36.10,6310.00,515.00,458.00,11.50,497.00,109.00,70.90,3.23,15.10,87300.00,95.50,254.00,3.79,26.50
187,W27X178,178.00,52.50,27.80,14.10,0.73,1.19,1.98,5.92,32.90,7020.00,570.00,505.00,11.60,555.00,122.00,78.80,3.25,20.10,98400.00,106.00,282.00,3.83,26.60
188,W27X194,194.00,57.10,28.10,14.00,0.75,1.34,2.13,5.24,31.80,7860.00,631.00,559.00,11.70,619.00,136.00,88.10,3.29,27.10,111000.00,119.00,312.00,3.85,26.80
189,W27X217,217.00,63.90,28.40,14.10,0.83,1.50,2.29,4.71,28.70,8910.00,711.00,627.00,11.80,704.00,154.00,100.00,3.32,37.60,128000.00,134.00,351.00,3.89,26.90
190,W27X235,235.00,69.40,28.70,14.20,0.91,1.61,2.40,4.41,26.20,9700.00,772.00,677.00,11.80,769.00,168.00,108.00,3.33,47.00,141000.00,145.00,384.00,3.92,27.10
191,W27X258,258.00,76.10,29.00,14.30,0.98,1.77,2.56,4.03,24.40,10800.00,852.00,745.00,11.90,859.00,187.00,120.00,3.36,61.60,159000.00,160.00,424.00,3.96,27.20
192,W27X281,281.00,83.10,29.30,14.40,1.06,1.93,2.72,3.72,22.50,11900.00,936.00,814.00,12.00,953.00,206.00,133.00,3.39,79.50,178000.00,176.00,466.00,4.00,27.40
193,W27X307,307.00,90.20,29.60,14.40,1.16,2.09,2.88,3.46,20.60,13100.00,1030.00,887.00,12.00,1050.00,227.00,146.00,3.41,101.00,199000.00,190.00,508.00,4.04,27.50
194,W27X336,336.00,99.20,30.00,14.60,1.26,2.28,3.07,3.19,18.90,14600.00,1130.00,972.00,12.10,1180.00,252.00,162.00,3.45,131.00,226000.00,211.00,563.00,4.10,27.70
195,W27X368,368.00,109.00,30.40,14.70,1.38,2.48,3.27,2.96,17.30,16200.00,1240.00,1060.00,12.20,1310.00,279.00,179.00,3.48,170.00,255000.00,231.00,621.00,4.15,27.90
196,W27X539,539.00,159.00,32.50,15.30,1.97,3.54,4.33,2.15,12.10,25600.00,1890.00,1570.00,12.70,2110.00,437.00,277.00,3.65,496.00,443000.00,342.00,943.00,4.41,29.00
197,W30X90,90.00,26.30,29.50,10.40,0.47,0.61,1.26,8.52,57.50,3610.00,283.00,245.00,11.70,115.00,34.70,22.10,2.09,2.84,24000.00,43.70,139.00,2.60,28.90
198,W30X99,99.00,29.00,29.70,10.50,0.52,0.67,1.32,7.80,51.90,3990.00,312.00,269.00,11.70,128.00,38.60,24.50,2.10,3.77,26800.00,48.50,154.00,2.62,29.00
199,W30X108,108.00,31.70,29.80,10.50,0.55,0.76,1.41,6.89,49.60,4470.00,346.00,299.00,11.90,146.00,43.90,27.90,2.15,4.99,30900.00,54.90,170.00,2.67,29.00
200,W30X116,116.00,34.20,30.00,10.50,0.57,0.85,1.50,6.17,47.80,4930.00,378.00,329.00,12.00,164.00,49.20,31.30,2.19,6.43,34900.00,61.50,187.00,2.70,29.20
201,W30X124,124.00,36.50,30.20,10.50,0.59,0.93,1.58,5.65,46.20,5360.00,408.00,355.00,12.10,181.00,54.00,34.40,2.23,7.99,38600.00,67.50,202.00,2.73,29.30
202,W30X132,132.00,38.80,30.30,10.50,0.62,1.00,1.65,5.27,43.90,5770.00,437.00,380.00,12.20,196.00,58.40,37.20,2.25,9.72,42100.00,72.40,215.00,2.75,29.30
203,W30X148,148.00,43.60,30.70,10.50,0.65,1.18,1.83,4.44,41.60,6680.00,500.00,436.00,12.40,227.00,68.00,43.30,2.28,14.50,49400.00,85.80,248.00,2.77,29.50
204,W30X173,173.00,50.90,30.40,15.00,0.66,1.07,1.85,7.04,40.80,8230.00,607.00,541.00,12.70,598.00,123.00,79.80,3.42,15.60,129000.00,113.00,301.00,4.03,29.30
205,W30X191,191.00,56.10,30.70,15.00,0.71,1.19,1.97,6.35,37.70,9200.00,675.00,600.00,12.80,673.00,138.00,89.50,3.46,21.00,146000.00,125.00,335.00,4.06,29.50
206,W30X211,211.00,62.30,30.90,15.10,0.78,1.32,2.10,5.74,34.50,10300.00,751.00,665.00,12.90,757.00,155.00,100.00,3.49,28.40,166000.00,140.00,372.00,4.11,29.60
207,W30X235,235.00,69.30,31.30,15.10,0.83,1.50,2.29,5.02,32.20,11700.00,847.00,748.00,13.00,855.00,175.00,114.00,3.51,40.30,190000.00,159.00,421.00,4.13,29.80
208,W30X261,261.00,77.00,31.60,15.20,0.93,1.65,2.44,4.59,28.70,13100.00,943.00,829.00,13.10,959.00,196.00,127.00,3.53,54.10,215000.00,176.00,469.00,4.16,30.00
209,W30X292,292.00,86.00,32.00,15.30,1.02,1.85,2.64,4.12,26.20,14900.00,1060.00,930.00,13.20,1100.00,223.00,144.00,3.58,75.20,250000.00,199.00,529.00,4.22,30.20
210,W30X326,326.00,95.90,32.40,15.40,1.14,2.05,2.84,3.75,23.40,16800.00,1190.00,1040.00,13.20,1240.00,252.00,162.00,3.60,103.00,287000.00,222.00,593.00,4.26,30.40
211,W30X357,357.00,105.00,32.80,15.50,1.24,2.24,3.03,3.45,21.60,18700.00,1320.00,1140.00,13.30,1390.00,279.00,179.00,3.64,134.00,324000.00,244.00,655.00,4.31,30.60
212,W30X391,391.00,115.00,33.20,15.60,1.36,2.44,3.23,3.19,19.70,20700.00,1450.00,1250.00,13.40,1550.00,310.00,198.00,3.67,173.00,366000.00,267.00,722.00,4.37,30.80
213,W33X118,118.00,34.70,32.90,11.50,0.55,0.74,1.44,7.76,54.50,5900.00,415.00,359.00,13.00,187.00,51.30,32.60,2.32,5.30,48300.00,65.10,205.00,2.89,32.20
214,W33X130,130.00,38.30,33.10,11.50,0.58,0.86,1.56,6.73,51.70,6710.00,467.00,406.00,13.20,218.00,59.50,37.90,2.39,7.37,56600.00,75.30,230.00,2.94,32.20
215,W33X141,141.00,41.50,33.30,11.50,0.61,0.96,1.66,6.01,49.60,7450.00,514.00,448.00,13.40,246.00,66.90,42.70,2.43,9.70,64400.00,84.60,253.00,2.98,32.30
216,W33X152,152.00,44.90,33.50,11.60,0.64,1.06,1.76,5.48,47.20,8160.00,559.00,487.00,13.50,273.00,73.90,47.20,2.47,12.40,71700.00,94.30,278.00,3.01,32.40
217,W33X169,169.00,49.50,33.80,11.50,0.67,1.22,1.92,4.71,44.70,9290.00,629.00,549.00,13.70,310.00,84.40,53.90,2.50,17.70,82400.00,108.00,311.00,3.03,32.60
218,W33X201,201.00,59.10,33.70,15.70,0.72,1.15,1.94,6.85,41.70,11600.00,773.00,686.00,14.00,749.00,147.00,95.20,3.56,20.80,198000.00,140.00,382.00,4.21,32.60
219,W33X221,221.00,65.30,33.90,15.80,0.78,1.28,2.06,6.20,38.50,12900.00,857.00,759.00,14.10,840.00,164.00,106.00,3.59,27.80,224000.00,156.00,423.00,4.25,32.60
220,W33X241,241.00,71.10,34.20,15.90,0.83,1.40,2.19,5.66,35.90,14200.00,940.00,831.00,14.10,933.00,182.00,118.00,3.62,36.20,251000.00,173.00,467.00,4.29,32.80
221,W33X263,263.00,77.40,34.50,15.80,0.87,1.57,2.36,5.03,34.30,15900.00,1040.00,919.00,14.30,1040.00,202.00,131.00,3.66,48.70,281000.00,193.00,515.00,4.31,32.90
222,W33X291,291.00,85.60,34.80,15.90,0.96,1.73,2.52,4.60,31.00,17700.00,1160.00,1020.00,14.40,1160.00,226.00,146.00,3.68,65.10,319000.00,214.00,573.00,4.34,33.10
223,W33X318,318.00,93.70,35.20,16.00,1.04,1.89,2.68,4.23,28.70,19500.00,1270.00,1110.00,14.50,1290.00,250.00,161.00,3.71,84.40,357000.00,235.00,632.00,4.40,33.30
224,W33X354,354.00,104.00,35.60,16.10,1.16,2.09,2.88,3.85,25.70,22000.00,1420.00,1240.00,14.50,1460.00,282.00,181.00,3.74,115.00,408000.00,262.00,707.00,4.44,33.50
225,W33X387,387.00,114.00,36.00,16.20,1.26,2.28,3.07,3.55,23.70,24300.00,1560.00,1350.00,14.60,1620.00,312.00,200.00,3.77,148.00,459000.00,287.00,778.00,4.49,33.70
226,W36X135,135.00,39.90,35.60,12.00,0.60,0.79,1.54,7.56,54.10,7800.00,509.00,439.00,14.00,225.00,59.70,37.70,2.38,7.00,68100.00,77.90,251.00,2.99,34.80
227,W36X150,150.00,44.30,35.90,12.00,0.63,0.94,1.69,6.37,51.90,9040.00,581.00,504.00,14.30,270.00,70.90,45.10,2.47,10.10,82200.00,93.10,287.00,3.06,35.00
228,W36X160,160.00,47.00,36.00,12.00,0.65,1.02,1.77,5.88,49.90,9760.00,624.00,542.00,14.40,295.00,77.30,49.10,2.50,12.40,90200.00,101.00,308.00,3.09,35.00
229,W36X170,170.00,50.00,36.20,12.00,0.68,1.10,1.85,5.47,47.70,10500.00,668.00,581.00,14.50,320.00,83.80,53.20,2.53,15.10,98500.00,109.00,330.00,3.11,35.10
230,W36X182,182.00,53.60,36.30,12.10,0.73,1.18,1.93,5.12,44.80,11300.00,718.00,623.00,14.50,347.00,90.70,57.60,2.55,18.50,107000.00,118.00,355.00,3.13,35.10
231,W36X194,194.00,57.00,36.50,12.10,0.77,1.26,2.01,4.81,42.40,12100.00,767.00,664.00,14.60,375.00,97.70,61.90,2.56,22.20,116000.00,126.00,379.00,3.15,35.20
232,W36X210,210.00,61.90,36.70,12.20,0.83,1.36,2.11,4.48,39.10,13200.00,833.00,719.00,14.60,411.00,107.00,67.50,2.58,28.00,128000.00,136.00,412.00,3.18,35.30
233,W36X232,232.00,68.00,37.10,12.10,0.87,1.57,2.32,3.86,37.30,15000.00,936.00,809.00,14.80,468.00,122.00,77.20,2.62,39.60,148000.00,157.00,464.00,3.21,35.50
234,W36X256,256.00,75.30,37.40,12.20,0.96,1.73,2.48,3.53,33.80,16800.00,1040.00,895.00,14.90,528.00,137.00,86.50,2.65,52.90,168000.00,174.00,516.00,3.24,35.70
235,W36X231,231.00,68.20,36.50,16.50,0.76,1.26,2.21,6.54,42.20,15600.00,963.00,854.00,15.10,940.00,176.00,114.00,3.71,28.70,292000.00,175.00,476.00,4.40,35.20
236,W36X247,247.00,72.50,36.70,16.50,0.80,1.35,2.30,6.11,40.10,16700.00,1030.00,913.00,15.20,1010.00,190.00,123.00,3.74,34.70,316000.00,187.00,509.00,4.42,35.40
237,W36X262,262.00,77.20,36.90,16.60,0.84,1.44,2.39,5.75,38.20,17900.00,1100.00,972.00,15.30,1090.00,204.00,132.00,3.76,41.60,342000.00,200.00,543.00,4.46,35.50
238,W36X282,282.00,82.90,37.10,16.60,0.89,1.57,2.52,5.29,36.20,19600.00,1190.00,1050.00,15.40,1200.00,223.00,144.00,3.80,52.70,378000.00,219.00,591.00,4.50,35.50
239,W36X302,302.00,89.00,37.30,16.70,0.95,1.68,2.63,4.96,33.90,21100.00,1280.00,1130.00,15.40,1300.00,241.00,156.00,3.82,64.30,412000.00,235.00,635.00,4.53,35.60
240,W36X330,330.00,96.90,37.70,16.60,1.02,1.85,2.80,4.49,31.40,23300.00,1410.00,1240.00,15.50,1420.00,265.00,171.00,3.83,84.30,456000.00,259.00,698.00,4.53,35.90
241,W36X361,361.00,106.00,38.00,16.70,1.12,2.01,2.96,4.16,28.60,25700.00,1550.00,1350.00,15.60,1570.00,293.00,188.00,3.85,109.00,509000.00,282.00,767.00,4.58,36.00
242,W36X395,395.00,116.00,38.40,16.80,1.22,2.20,3.15,3.83,26.30,28500.00,1710.00,1490.00,15.70,1750.00,325.00,208.00,3.88,142.00,575000.00,311.00,847.00,4.61,36.20
243,W36X441,441.00,130.00,38.90,17.00,1.36,2.44,3.39,3.48,23.60,32100.00,1910.00,1650.00,15.70,1990.00,368.00,235.00,3.92,194.00,661000.00,347.00,950.00,4.69,36.50
244,W36X487,487.00,143.00,39.30,17.10,1.50,2.68,3.63,3.19,21.40,36000.00,2130.00,1830.00,15.80,2250.00,412.00,263.00,3.96,258.00,754000.00,383.00,1060.00,4.74,36.60
245,W36X529,529.00,156.00,39.80,17.20,1.61,2.91,3.86,2.96,19.90,39600.00,2330.00,1990.00,16.00,2490.00,454.00,289.00,4.00,327.00,846000.00,419.00,1160.00,4.80,36.90
246,W36X652,652.00,192.00,41.10,17.60,1.97,3.54,4.49,2.48,16.30,50600.00,2910.00,2460.00,16.20,3230.00,581.00,367.00,4.10,593.00,1130000.00,518.00,1450.00,4.96,37.60
247,W40X149,149.00,43.80,38.20,11.80,0.63,0.83,2.01,7.11,54.30,9800.00,598.00,513.00,15.00,229.00,62.20,38.80,2.29,9.36,80000.00,86.70,288.00,2.89,37.40
248,W40X167,167.00,49.30,38.60,11.80,0.65,1.03,2.21,5.76,52.60,11600.00,693.00,600.00,15.30,283.00,76.00,47.90,2.40,14.00,99700.00,107.00,336.00,2.98,37.60
249,W40X183,183.00,53.30,39.00,11.80,0.65,1.20,2.38,4.92,52.60,13200.00,774.00,675.00,15.70,331.00,88.30,56.00,2.49,19.30,118000.00,126.00,376.00,3.04,37.80
250,W40X211,211.00,62.10,39.40,11.80,0.75,1.42,2.60,4.17,45.60,15500.00,906.00,786.00,15.80,390.00,105.00,66.10,2.51,30.40,141000.00,148.00,442.00,3.07,38.00
251,W40X235,235.00,69.10,39.70,11.90,0.83,1.58,2.76,3.77,41.20,17400.00,1010.00,875.00,15.90,444.00,118.00,74.60,2.54,41.30,161000.00,166.00,495.00,3.11,38.10
252,W40X264,264.00,77.40,40.00,11.90,0.96,1.73,2.91,3.45,35.60,19400.00,1130.00,971.00,15.80,493.00,132.00,82.60,2.52,56.10,181000.00,182.00,555.00,3.12,38.30
253,W40X278,278.00,82.30,40.20,12.00,1.03,1.81,2.99,3.31,33.30,20500.00,1190.00,1020.00,15.80,521.00,140.00,87.10,2.52,65.00,192000.00,190.00,587.00,3.13,38.40
254,W40X294,294.00,86.20,40.40,12.00,1.06,1.93,3.11,3.11,32.20,21900.00,1270.00,1080.00,15.90,562.00,150.00,93.50,2.55,76.60,208000.00,203.00,622.00,3.16,38.50
255,W40X327,327.00,95.90,40.80,12.10,1.18,2.13,3.31,2.85,29.00,24500.00,1410.00,1200.00,16.00,640.00,170.00,105.00,2.58,103.00,239000.00,225.00,695.00,3.21,38.70
256,W40X331,331.00,97.70,40.80,12.20,1.22,2.13,3.31,2.86,28.00,24700.00,1430.00,1210.00,15.90,644.00,172.00,106.00,2.57,105.00,241000.00,226.00,706.00,3.21,38.70
257,W40X392,392.00,116.00,41.60,12.40,1.42,2.52,3.70,2.45,24.10,29900.00,1710.00,1440.00,16.10,803.00,212.00,130.00,2.64,172.00,306000.00,270.00,848.00,3.30,39.10
258,W40X199,199.00,58.80,38.70,15.80,0.65,1.07,2.25,7.39,52.60,14900.00,869.00,770.00,16.00,695.00,137.00,88.20,3.45,18.30,246000.00,153.00,427.00,4.12,37.60
259,W40X215,215.00,63.50,39.00,15.80,0.65,1.22,2.40,6.45,52.60,16700.00,964.00,859.00,16.20,803.00,156.00,101.00,3.54,24.80,284000.00,175.00,473.00,4.19,37.80
260,W40X249,249.00,73.50,39.40,15.80,0.75,1.42,2.60,5.55,45.60,19600.00,1120.00,993.00,16.30,926.00,182.00,118.00,3.55,38.10,334000.00,203.00,551.00,4.21,38.00
261,W40X277,277.00,81.50,39.70,15.80,0.83,1.58,2.76,5.03,41.20,21900.00,1250.00,1100.00,16.40,1040.00,204.00,132.00,3.58,51.50,379000.00,225.00,614.00,4.25,38.10
262,W40X297,297.00,87.30,39.80,15.80,0.93,1.65,2.83,4.80,36.80,23200.00,1330.00,1170.00,16.30,1090.00,215.00,138.00,3.54,61.20,399000.00,234.00,652.00,4.22,38.20
263,W40X324,324.00,95.30,40.20,15.90,1.00,1.81,2.99,4.40,34.20,25600.00,1460.00,1280.00,16.40,1220.00,239.00,153.00,3.58,79.40,448000.00,259.00,720.00,4.27,38.40
264,W40X362,362.00,106.00,40.60,16.00,1.12,2.01,3.19,3.99,30.50,28900.00,1640.00,1420.00,16.50,1380.00,270.00,173.00,3.60,109.00,513000.00,289.00,808.00,4.33,38.60
265,W40X372,372.00,110.00,40.60,16.10,1.16,2.05,3.23,3.93,29.50,29600.00,1680.00,1460.00,16.50,1420.00,277.00,177.00,3.60,116.00,528000.00,295.00,829.00,4.33,38.60
266,W40X397,397.00,117.00,41.00,16.10,1.22,2.20,3.38,3.66,28.00,32000.00,1800.00,1560.00,16.60,1540.00,300.00,191.00,3.64,142.00,579000.00,318.00,891.00,4.38,38.80
267,W40X431,431.00,127.00,41.30,16.20,1.34,2.36,3.54,3.44,25.50,34800.00,1960.00,1690.00,16.60,1690.00,328.00,208.00,3.65,177.00,638000.00,341.00,969.00,4.41,38.90
268,W40X503,503.00,148.00,42.10,16.40,1.54,2.76,3.94,2.98,22.30,41600.00,2320.00,1980.00,16.80,2040.00,394.00,249.00,3.72,277.00,789000.00,403.00,1150.00,4.50,39.30
269,W40X593,593.00,174.00,43.00,16.70,1.79,3.23,4.41,2.58,19.10,50400.00,2760.00,2340.00,17.00,2520.00,481.00,302.00,3.80,445.00,997000.00,479.00,1370.00,4.63,39.80
270,W44X230,230.00,67.80,42.90,15.80,0.71,1.22,2.01,6.45,54.80,20800.00,1100.00,971.00,17.50,796.00,157.00,101.00,3.43,24.90,346000.00,192.00,547.00,4.13,41.70
271,W44X262,262.00,77.20,43.30,15.80,0.79,1.42,2.20,5.57,49.60,24100.00,1270.00,1110.00,17.70,923.00,182.00,117.00,3.47,37.30,405000.00,223.00,630.00,4.17,41.90
272,W44X290,290.00,85.40,43.60,15.80,0.87,1.58,2.36,5.02,45.00,27000.00,1410.00,1240.00,17.80,1040.00,205.00,132.00,3.49,50.90,461000.00,248.00,701.00,4.20,42.00
273,W44X335,335.00,98.50,44.00,15.90,1.03,1.77,2.56,4.50,38.00,31100.00,1620.00,1410.00,17.80,1200.00,236.00,150.00,3.49,74.70,535000.00,278.00,805.00,4.24,42.20
274,HP8X36,36.00,10.60,8.02,8.16,0.45,0.45,1.13,9.16,14.20,119.00,33.60,29.80,3.36,40.30,15.20,9.88,1.95,0.77,578.00,6.50,16.60,2.26,7.58
275,HP10X42,42.00,12.40,9.70,10.10,0.42,0.42,1.13,12.00,18.90,210.00,48.30,43.40,4.13,71.70,21.80,14.20,2.41,0.81,1540.00,9.41,23.70,2.77,9.28
276,HP10X57,57.00,16.70,9.99,10.20,0.57,0.57,1.25,9.03,13.90,294.00,66.50,58.80,4.18,101.00,30.30,19.70,2.45,1.97,2240.00,12.90,32.80,2.84,9.43
277,HP12X53,53.00,15.50,11.80,12.00,0.44,0.44,1.13,13.80,22.30,393.00,74.00,66.70,5.03,127.00,32.20,21.10,2.86,1.12,4080.00,14.30,36.20,3.29,11.40
278,HP12X63,63.00,18.40,11.90,12.10,0.52,0.52,1.25,11.80,18.90,472.00,88.30,79.10,5.06,153.00,38.70,25.30,2.88,1.83,5000.00,17.10,43.30,3.33,11.40
279,HP12X74,74.00,21.80,12.10,12.20,0.61,0.61,1.31,10.00,16.10,569.00,105.00,93.80,5.11,186.00,46.60,30.40,2.92,2.98,6160.00,20.40,51.90,3.38,11.50
280,HP12X84,84.00,24.60,12.30,12.30,0.69,0.69,1.38,8.97,14.20,650.00,120.00,106.00,5.14,213.00,53.20,34.60,2.94,4.24,7140.00,23.10,59.00,3.41,11.60
281,HP14X73,73.00,21.40,13.60,14.60,0.51,0.51,1.19,14.40,22.60,729.00,118.00,107.00,5.84,261.00,54.60,35.80,3.49,2.01,11200.00,23.30,58.30,4.00,13.10
282,HP14X89,89.00,26.10,13.80,14.70,0.62,0.62,1.31,11.90,18.50,904.00,146.00,131.00,5.88,326.00,67.70,44.30,3.53,3.59,14200.00,28.60,71.90,4.05,13.20
283,HP14X102,102.00,30.10,14.00,14.80,0.71,0.71,1.38,10.50,16.20,1050.00,169.00,150.00,5.92,380.00,78.80,51.40,3.56,5.39,16800.00,33.00,83.30,4.10,13.30
284,HP14X117,117.00,34.40,14.20,14.90,0.81,0.81,1.50,9.25,14.20,1220.00,194.00,172.00,5.96,443.00,91.40,59.50,3.59,8.02,19900.00,38.00,96.30,4.15,13.40
285,HP16X88,88.00,25.80,15.30,15.70,0.54,0.54,1.72,14.50,22.00,1110.00,161.00,145.00,6.56,349.00,68.20,44.50,3.68,3.45,19000.00,30.20,76.20,4.21,14.80
286,HP16X101,101.00,29.90,15.50,15.80,0.63,0.63,1.81,12.60,19.00,1300.00,187.00,168.00,6.59,412.00,80.10,52.20,3.71,5.07,22800.00,35.30,89.30,4.27,14.90
287,HP16X121,121.00,35.80,15.80,15.90,0.75,0.75,1.93,10.60,15.90,1590.00,226.00,201.00,6.66,504.00,97.60,63.40,3.75,8.35,28500.00,42.80,109.00,4.34,15.10
288,HP16X141,141.00,41.70,16.00,16.00,0.88,0.88,2.06,9.14,13.60,1870.00,264.00,234.00,6.70,599.00,116.00,74.90,3.79,12.90,34300.00,50.00,128.00,4.40,15.10
289,HP16X162,162.00,47.70,16.30,16.10,1.00,1.00,2.18,8.05,11.90,2190.00,306.00,269.00,6.78,697.00,134.00,86.60,3.82,18.80,40800.00,57.80,149.00,4.45,15.30
290,HP16X183,183.00,54.10,16.50,16.30,1.13,1.13,2.31,7.21,10.50,2510.00,349.00,304.00,6.81,818.00,156.00,100.00,3.89,26.90,48300.00,65.40,169.00,4.55,15.40
291,HP18X135,135.00,39.90,17.50,17.80,0.75,0.75,1.93,11.90,18.20,2200.00,281.00,251.00,7.43,706.00,122.00,79.30,4.21,9.12,49500.00,53.50,136.00,4.85,16.80
292,HP18X157,157.00,46.20,17.70,17.90,0.87,0.87,2.05,10.30,15.60,2570.00,327.00,290.00,7.46,833.00,143.00,93.10,4.25,13.90,59000.00,62.30,159.00,4.92,16.80
293,HP18X181,181.00,53.20,18.00,18.00,1.00,1.00,2.18,9.00,13.60,3020.00,379.00,336.00,7.53,974.00,167.00,108.00,4.28,20.70,70400.00,72.30,185.00,4.96,17.00
294,HP18X204,204.00,60.20,18.30,18.10,1.13,1.13,2.31,8.01,12.10,3480.00,433.00,380.00,7.60,1120.00,191.00,124.00,4.31,29.50,82500.00,82.30,212.00,5.03,17.20
295,S3X5.7,5.70,1.66,3.00,2.33,0.17,0.26,0.63,4.48,11.00,2.50,1.94,1.67,1.23,0.45,0.66,0.38,0.52,0.04,0.84,0.39,0.96,0.61,2.74
296,S3X7.5,7.50,2.20,3.00,2.51,0.35,0.26,0.63,4.83,5.38,2.91,2.35,1.94,1.15,0.58,0.82,0.46,0.51,0.09,1.08,0.39,1.16,0.64,2.74
297,S4X7.7,7.70,2.26,4.00,2.66,0.19,0.29,0.75,4.54,14.10,6.05,3.50,3.03,1.64,0.75,0.97,0.56,0.58,0.07,2.57,0.67,1.73,0.68,3.71
298,S4X9.5,9.50,2.79,4.00,2.80,0.33,0.29,0.75,4.77,8.33,6.76,4.04,3.38,1.56,0.89,1.13,0.64,0.56,0.12,3.05,0.67,1.99,0.70,3.71
299,S5X10,10.00,2.93,5.00,3.00,0.21,0.33,0.75,4.61,16.80,12.30,5.66,4.90,2.05,1.19,1.37,0.80,0.64,0.11,6.52,1.06,2.79,0.75,4.67
300,S6X12.5,12.50,3.66,6.00,3.33,0.23,0.36,0.81,4.64,19.40,22.00,8.45,7.34,2.45,1.80,1.86,1.08,0.70,0.17,14.30,1.57,4.18,0.83,5.64
301,S6X17.25,17.25,5.05,6.00,3.57,0.47,0.36,0.81,4.97,9.67,26.20,10.50,8.74,2.28,2.29,2.35,1.28,0.67,0.37,18.20,1.57,5.23,0.86,5.64
302,S8X18.4,18.40,5.40,8.00,4.00,0.27,0.43,1.00,4.71,22.90,57.50,16.50,14.40,3.26,3.69,3.18,1.84,0.83,0.34,52.90,3.00,8.17,0.99,7.58
303,S8X23,23.00,6.76,8.00,4.17,0.44,0.43,1.00,4.91,14.10,64.70,19.20,16.20,3.09,4.27,3.67,2.05,0.80,0.55,61.20,3.00,9.53,1.00,7.58
304,S10X25.4,25.40,7.45,10.00,4.66,0.31,0.49,1.13,4.75,25.60,123.00,28.30,24.60,4.07,6.73,4.99,2.89,0.95,0.60,152.00,5.08,14.00,1.14,9.51
305,S10X35,35.00,10.30,10.00,4.94,0.59,0.49,1.13,5.03,13.40,147.00,35.40,29.40,3.78,8.30,6.19,3.36,0.90,1.29,188.00,5.08,17.60,1.16,9.51
306,S12X31.8,31.80,9.31,12.00,5.00,0.35,0.54,1.19,4.60,28.30,217.00,41.80,36.20,4.83,9.33,6.44,3.73,1.00,0.88,306.00,7.24,20.80,1.21,11.50
307,S12X35,35.00,10.20,12.00,5.08,0.43,0.54,1.19,4.67,23.10,228.00,44.60,38.10,4.72,9.84,6.80,3.88,0.98,1.05,323.00,7.24,22.20,1.22,11.50
308,S12X40.8,40.80,11.90,12.00,5.25,0.46,0.66,1.44,3.98,20.60,270.00,52.70,45.10,4.76,13.50,8.86,5.13,1.06,1.69,433.00,8.95,26.20,1.30,11.30
309,S12X50,50.00,14.70,12.00,5.48,0.69,0.66,1.44,4.16,13.70,303.00,60.90,50.60,4.55,15.60,10.30,5.69,1.03,2.77,501.00,8.95,30.30,1.32,11.30
310,S15X42.9,42.90,12.60,15.00,5.50,0.41,0.62,1.38,4.42,30.40,446.00,69.20,59.40,5.95,14.30,9.08,5.19,1.06,1.54,737.00,11.40,34.30,1.31,14.40
311,S15X50,50.00,14.70,15.00,5.64,0.55,0.62,1.38,4.53,22.70,485.00,77.00,64.70,5.75,15.60,10.00,5.53,1.03,2.12,805.00,11.40,38.20,1.32,14.40
312,S18X54.7,54.70,16.00,18.00,6.00,0.46,0.69,1.50,4.34,33.20,801.00,104.00,89.00,7.07,20.70,12.10,6.91,1.14,2.33,1550.00,16.60,51.80,1.42,17.30
313,S18X70,70.00,20.50,18.00,6.25,0.71,0.69,1.50,4.52,21.50,923.00,124.00,103.00,6.70,24.00,14.30,7.69,1.08,4.10,1800.00,16.60,61.90,1.42,17.30
314,S20X66,66.00,19.40,20.00,6.26,0.51,0.80,1.63,3.93,33.50,1190.00,139.00,119.00,7.83,27.50,15.40,8.78,1.19,3.58,2530.00,21.90,69.10,1.49,19.20
315,S20X75,75.00,22.00,20.00,6.39,0.64,0.80,1.63,4.02,26.60,1280.00,152.00,128.00,7.62,29.50,16.70,9.25,1.16,4.59,2720.00,21.90,75.60,1.49,19.20
316,S20X86,86.00,25.30,20.30,7.06,0.66,0.92,1.75,3.84,25.60,1570.00,183.00,155.00,7.89,46.60,23.10,13.20,1.36,6.65,4370.00,28.50,91.10,1.71,19.40
317,S20X96,96.00,28.20,20.30,7.20,0.80,0.92,1.75,3.91,21.10,1670.00,198.00,165.00,7.71,49.90,24.90,13.90,1.33,8.40,4690.00,28.50,98.30,1.71,19.40
318,S24X80,80.00,23.50,24.00,7.00,0.50,0.87,1.75,4.02,41.40,2100.00,204.00,175.00,9.47,42.00,20.80,12.00,1.34,4.89,5620.00,32.70,101.00,1.67,23.10
319,S24X90,90.00,26.50,24.00,7.13,0.63,0.87,1.75,4.09,33.10,2250.00,222.00,187.00,9.21,44.70,22.40,12.50,1.30,6.05,5980.00,32.70,110.00,1.66,23.10
320,S24X100,100.00,29.30,24.00,7.25,0.75,0.87,1.75,4.16,27.80,2380.00,239.00,199.00,9.01,47.40,24.00,13.10,1.27,7.59,6350.00,32.70,119.00,1.66,23.10
321,S24X106,106.00,31.10,24.50,7.87,0.62,1.09,2.00,3.61,33.40,2940.00,279.00,240.00,9.71,76.80,33.40,19.50,1.57,10.10,10500.00,46.20,139.00,1.93,23.40
322,S24X121,121.00,35.50,24.50,8.05,0.80,1.09,2.00,3.69,25.90,3160.00,306.00,258.00,9.43,83.00,36.30,20.60,1.53,12.80,11400.00,46.20,153.00,1.94,23.40
323,M3X2.9,2.90,0.91,3.00,2.25,0.09,0.13,0.50,8.65,23.60,1.50,1.12,1.00,1.28,0.25,0.34,0.22,0.52,0.01,0.51,0.20,0.50,0.60,2.87
324,M4X3.2,3.20,1.01,4.00,2.25,0.09,0.13,0.50,8.65,33.90,2.86,1.60,1.43,1.68,0.25,0.35,0.22,0.50,0.01,0.93,0.27,0.73,0.58,3.87
325,M4X3.45,3.45,1.01,4.00,2.25,0.09,0.13,0.50,8.65,33.90,2.86,1.60,1.43,1.68,0.25,0.35,0.22,0.50,0.01,0.93,0.27,0.73,0.58,3.87
326,M4X4.08,4.08,1.27,4.00,2.25,0.12,0.17,0.56,6.62,26.40,3.53,2.00,1.77,1.67,0.33,0.45,0.29,0.51,0.01,1.19,0.35,0.93,0.59,3.83
327,M4X6,6.00,1.75,3.80,3.80,0.13,0.16,0.50,11.90,22.00,4.72,2.74,2.48,1.64,1.47,1.18,0.77,0.92,0.02,4.87,0.53,1.30,1.04,3.64
328,M5X18.9,18.90,5.56,5.00,5.00,0.32,0.42,0.81,6.01,11.20,24.20,11.10,9.67,2.08,8.70,5.33,3.48,1.25,0.31,45.70,2.23,5.45,1.44,4.58
329,M6X3.7,3.70,1.09,5.92,2.00,0.10,0.13,0.31,7.75,54.70,5.96,2.33,2.01,2.34,0.17,0.27,0.17,0.40,0.01,1.45,0.36,1.14,0.50,5.79
330,M6X4.4,4.40,1.29,6.00,1.84,0.11,0.17,0.38,5.39,47.00,7.23,2.80,2.41,2.36,0.18,0.31,0.20,0.37,0.01,1.53,0.43,1.37,0.47,5.83
331,M8X6.2,6.20,1.82,8.00,2.28,0.13,0.18,0.44,6.44,56.50,17.60,5.15,4.39,3.10,0.35,0.50,0.31,0.44,0.02,5.38,0.74,2.52,0.56,7.82
332,M8X6.5,6.50,1.92,8.00,2.28,0.14,0.19,0.56,6.03,53.80,18.50,5.43,4.63,3.11,0.38,0.53,0.33,0.44,0.02,5.73,0.79,2.66,0.56,7.81
333,M10X7.5,7.50,2.22,9.99,2.69,0.13,0.17,0.44,7.77,71.00,33.00,7.77,6.60,3.85,0.56,0.67,0.42,0.50,0.02,13.50,1.09,3.80,0.65,9.82
334,M10X8,8.00,2.37,9.95,2.69,0.14,0.18,0.56,7.39,65.00,34.60,8.20,6.95,3.82,0.59,0.71,0.44,0.50,0.02,14.20,1.13,4.01,0.65,9.77
335,M10X9,9.00,2.65,10.00,2.69,0.16,0.21,0.56,6.53,58.40,39.00,9.22,7.79,3.83,0.67,0.81,0.50,0.50,0.03,16.10,1.28,4.52,0.65,9.79
336,M12X10,10.00,2.95,11.97,3.25,0.15,0.18,0.50,9.03,74.70,61.70,12.20,10.30,4.57,1.03,1.02,0.64,0.59,0.03,35.90,1.65,5.98,0.77,11.80
337,M12X10.8,10.80,3.18,11.97,3.07,0.16,0.21,0.56,7.30,69.20,66.70,13.20,11.10,4.58,1.01,1.07,0.66,0.56,0.04,35.00,1.80,6.48,0.73,11.80
338,M12X11.8,11.80,3.47,12.00,3.07,0.18,0.23,0.56,6.81,62.50,72.20,14.30,12.00,4.56,1.09,1.15,0.71,0.56,0.05,37.70,1.92,7.02,0.73,11.80
339,M12.5X11.6,11.60,3.40,12.50,3.50,0.16,0.21,0.56,8.29,74.80,80.30,15.00,12.80,4.86,1.51,1.37,0.86,0.67,0.04,57.10,2.17,7.36,0.85,12.30
340,M12.5X12.4,12.40,3.63,12.50,3.75,0.16,0.23,0.56,8.22,74.80,89.30,16.50,14.20,4.96,2.01,1.68,1.07,0.74,0.05,76.00,2.51,8.06,0.93,12.30
